t,x,y,z
0.000000000000000000e+00,3.673940397442058882e-17,-3.673940397442058882e-17,5.999999999999999778e-01
1.000000000000000021e-02,-5.978942541977231922e-05,5.978942541977227856e-05,5.995969628230506387e-01
2.000000000000000042e-02,-1.577484600064474655e-04,1.577484600064474926e-04,5.990535949225604950e-01
2.999999999999999889e-02,-2.752371998211330635e-04,2.752371998211331178e-04,5.986414906837742578e-01
4.000000000000000083e-02,-4.107159343158126247e-04,4.107159343158121368e-04,5.983592114630909009e-01
5.000000000000000278e-02,-5.608245621824051435e-04,5.608245621824050351e-04,5.981707672927423225e-01
5.999999999999999778e-02,-7.168720087757356890e-04,7.168720087757340627e-04,5.980456743835033118e-01
7.000000000000000666e-02,-8.756280909383669028e-04,8.756280909383658186e-04,5.979625833827163506e-01
8.000000000000000167e-02,-1.034800355945233140e-03,1.034800355945231839e-03,5.979072171733206265e-01
8.999999999999999667e-02,-1.193069625715402612e-03,1.193069625715399576e-03,5.978701512797299777e-01
1.000000000000000056e-01,-1.350011399819314294e-03,1.350011399819311692e-03,5.978451825765473959e-01
1.100000000000000006e-01,-1.505959360917894386e-03,1.505959360917892217e-03,5.978282232544762653e-01
1.199999999999999956e-01,-1.661839986928121283e-03,1.661839986928119548e-03,5.978165689045319420e-01
1.300000000000000044e-01,-1.818999329179443215e-03,1.818999329179441264e-03,5.978084188870536053e-01
1.400000000000000133e-01,-1.981574648447692079e-03,1.981574648447689910e-03,5.978025707161674918e-01
1.499999999999999944e-01,-2.149600639710075051e-03,2.149600639710073750e-03,5.977981931354056089e-01
1.600000000000000033e-01,-2.324486249866772845e-03,2.324486249866770677e-03,5.977947015629327954e-01
1.700000000000000122e-01,-2.507801796291665893e-03,2.507801796291664158e-03,5.977916989914036083e-01
1.799999999999999933e-01,-2.700849509905664525e-03,2.700849509905662357e-03,5.977889056389527056e-01
1.900000000000000022e-01,-2.904696604720447342e-03,2.904696604720445607e-03,5.977861196396048182e-01
2.000000000000000111e-01,-3.120164725290775279e-03,3.120164725290773978e-03,5.977831919541164440e-01
2.099999999999999922e-01,-3.347875768271804837e-03,3.347875768271803103e-03,5.977800096604396485e-01
2.200000000000000011e-01,-3.588159918187117103e-03,3.588159918187115369e-03,5.977764845283530803e-01
2.300000000000000100e-01,-3.841202346973797942e-03,3.841202346973796207e-03,5.977725456449046737e-01
2.399999999999999911e-01,-4.107027974684213621e-03,4.107027974684211019e-03,5.977681343909624356e-01
2.500000000000000000e-01,-4.385543506954986230e-03,4.385543506954983628e-03,5.977632006716178115e-01
2.600000000000000089e-01,-4.676573797540865655e-03,4.676573797540863921e-03,5.977577003270977407e-01
2.700000000000000178e-01,-4.979895011596202105e-03,4.979895011596200370e-03,5.977515932056930437e-01
2.800000000000000266e-01,-5.295263587516679110e-03,5.295263587516678243e-03,5.977448416391639707e-01
2.899999999999999800e-01,-5.622440175349318649e-03,5.622440175349316914e-03,5.977374091694668268e-01
2.999999999999999889e-01,-5.961208197814186864e-03,5.961208197814186864e-03,5.977292594455035912e-01
3.099999999999999978e-01,-6.311387089929071902e-03,6.311387089929071034e-03,5.977203552547810661e-01
3.200000000000000067e-01,-6.672840590118458634e-03,6.672840590118456032e-03,5.977106576823550954e-01
3.300000000000000155e-01,-7.045480678746942130e-03,7.045480678746936058e-03,5.977001254023807109e-01
3.400000000000000244e-01,-7.429267896134850169e-03,7.429267896134843230e-03,5.976887141101456802e-01
3.500000000000000333e-01,-7.824208832560439891e-03,7.824208832560429483e-03,5.976763760985063234e-01
3.599999999999999867e-01,-8.230351580244033710e-03,8.230351580244028506e-03,5.976630599755120565e-01
3.699999999999999956e-01,-8.647779886655210593e-03,8.647779886655205389e-03,5.976487105122105792e-01
3.800000000000000044e-01,-9.076606663163908420e-03,9.076606663163901481e-03,5.976332686029351970e-01
3.900000000000000133e-01,-9.516967396433942405e-03,9.516967396433938936e-03,5.976166713156283450e-01
4.000000000000000222e-01,-9.969013893143601271e-03,9.969013893143596067e-03,5.975988520073859389e-01
4.100000000000000311e-01,-1.043290867156631239e-02,1.043290867156630893e-02,5.975797404801663770e-01
4.199999999999999845e-01,-1.090882020298984331e-02,1.090882020298983811e-02,5.975592631532139487e-01
4.299999999999999933e-01,-1.139691910786804971e-02,1.139691910786804624e-02,5.975373432316389843e-01
4.400000000000000022e-01,-1.189737532882257677e-02,1.189737532882256983e-02,5.975139008543344232e-01
4.500000000000000111e-01,-1.241035623711830675e-02,1.241035623711829981e-02,5.974888532084992043e-01
4.600000000000000200e-01,-1.293602558104020410e-02,1.293602558104019890e-02,5.974621146021709128e-01
4.700000000000000289e-01,-1.347454315299921428e-02,1.347454315299920560e-02,5.974335964900380214e-01
4.799999999999999822e-01,-1.402606503509109398e-02,1.402606503509108010e-02,5.974032074512577450e-01
4.899999999999999911e-01,-1.459074427857802274e-02,1.459074427857800886e-02,5.973708531208782313e-01
5.000000000000000000e-01,-1.516873187804147413e-02,1.516873187804145505e-02,5.973364360787583038e-01
5.100000000000000089e-01,-1.576017791403791501e-02,1.576017791403789767e-02,5.972998557015060106e-01
5.200000000000000178e-01,-1.636523275580677866e-02,1.636523275580676479e-02,5.972610079839754116e-01
5.300000000000000266e-01,-1.698404823611467454e-02,1.698404823611466413e-02,5.972197853373306664e-01
5.400000000000000355e-01,-1.761677873182728934e-02,1.761677873182727547e-02,5.971760763706007724e-01
5.500000000000000444e-01,-1.826358210434492896e-02,1.826358210434491508e-02,5.971297656622012173e-01
5.600000000000000533e-01,-1.892462047303725831e-02,1.892462047303723055e-02,5.970807335270797989e-01
5.700000000000000622e-01,-1.960006081112454501e-02,1.960006081112451379e-02,5.970288557841383348e-01
5.799999999999999600e-01,-2.029007536670371717e-02,2.029007536670369982e-02,5.969740035274203604e-01
5.899999999999999689e-01,-2.099484192181313644e-02,2.099484192181310868e-02,5.969160429033953941e-01
5.999999999999999778e-01,-2.171454390945487881e-02,2.171454390945484411e-02,5.968548348955241556e-01
6.099999999999999867e-01,-2.244937041272676223e-02,2.244937041272671713e-02,5.967902351162736041e-01
6.199999999999999956e-01,-2.319951607201162225e-02,2.319951607201157021e-02,5.967220936058814651e-01
6.300000000000000044e-01,-2.396518092582740345e-02,2.396518092582734794e-02,5.966502546364901294e-01
6.400000000000000133e-01,-2.474657020932217316e-02,2.474657020932210377e-02,5.965745565197719813e-01
6.500000000000000222e-01,-2.554389413125562544e-02,2.554389413125556299e-02,5.964948314158866616e-01
6.600000000000000311e-01,-2.635736764697299561e-02,2.635736764697292622e-02,5.964109051414803186e-01
6.700000000000000400e-01,-2.718721024090867480e-02,2.718721024090859847e-02,5.963225969744713195e-01
6.800000000000000488e-01,-2.803364572832457019e-02,2.803364572832449039e-02,5.962297194535365330e-01
6.900000000000000577e-01,-2.889690208233318403e-02,2.889690208233310076e-02,5.961320781704616545e-01
7.000000000000000666e-01,-2.977721128918870558e-02,2.977721128918860496e-02,5.960294715538196897e-01
7.099999999999999645e-01,-3.067480923202125370e-02,3.067480923202114962e-02,5.959216906428055349e-01
7.199999999999999734e-01,-3.158993560114217725e-02,3.158993560114205928e-02,5.958085188503844387e-01
7.299999999999999822e-01,-3.252283382747115509e-02,3.252283382747105100e-02,5.956897317152622939e-01
7.399999999999999911e-01,-3.347375103470170282e-02,3.347375103470159180e-02,5.955650966424560488e-01
7.500000000000000000e-01,-3.444293800518766907e-02,3.444293800518753723e-02,5.954343726325210806e-01
7.600000000000000089e-01,-3.543064915450239161e-02,3.543064915450225977e-02,5.952973099996653472e-01
7.700000000000000178e-01,-3.643714250975373103e-02,3.643714250975362001e-02,5.951536500791423379e-01
7.800000000000000266e-01,-3.746267968719707575e-02,3.746267968719696473e-02,5.950031249243942222e-01
7.900000000000000355e-01,-3.850752586524346099e-02,3.850752586524334997e-02,5.948454569944614523e-01
8.000000000000000444e-01,-3.957194974962347650e-02,3.957194974962337242e-02,5.946803588321923906e-01
8.100000000000000533e-01,-4.065622352820656010e-02,4.065622352820646296e-02,5.945075327337203674e-01
8.200000000000000622e-01,-4.176062281351387850e-02,4.176062281351377442e-02,5.943266704096725750e-01
8.300000000000000711e-01,-4.288542657164728239e-02,4.288542657164717831e-02,5.941374526384688437e-01
8.399999999999999689e-01,-4.403091703687823238e-02,4.403091703687812830e-02,5.939395489119990712e-01
8.499999999999999778e-01,-4.519737961141956362e-02,4.519737961141948035e-02,5.937326170739267717e-01
8.599999999999999867e-01,-4.638510275033141256e-02,4.638510275033131541e-02,5.935163029507557475e-01
8.699999999999999956e-01,-4.759437783168328495e-02,4.759437783168317393e-02,5.932902399757721268e-01
8.800000000000000044e-01,-4.882549901208552146e-02,4.882549901208542431e-02,5.930540488059400372e-01
8.900000000000000133e-01,-5.007876306791975152e-02,5.007876306791965437e-02,5.928073369317804486e-01
9.000000000000000222e-01,-5.135446922239735729e-02,5.135446922239728096e-02,5.925496982802833656e-01
9.100000000000000311e-01,-5.265291895853942139e-02,5.265291895853933118e-02,5.922807128109158770e-01
9.200000000000000400e-01,-5.397441581807811001e-02,5.397441581807802674e-02,5.919999461048046641e-01
9.300000000000000488e-01,-5.531926518612007709e-02,5.531926518611998689e-02,5.917069489472236432e-01
9.400000000000000577e-01,-5.668777406117678219e-02,5.668777406117671280e-02,5.914012569035941302e-01
9.500000000000000666e-01,-5.808025081012443275e-02,5.808025081012433560e-02,5.910823898892506589e-01
9.599999999999999645e-01,-5.949700490750544496e-02,5.949700490750535475e-02,5.907498517333003019e-01
9.699999999999999734e-01,-6.093834665832899289e-02,6.093834665832890962e-02,5.904031297370228026e-01
9.799999999999999822e-01,-6.240458690351165932e-02,6.240458690351156912e-02,5.900416942273278842e-01
9.899999999999999911e-01,-6.389603670716273442e-02,6.389603670716265116e-02,5.896649981058247336e-01
1.000000000000000000e+00,-6.541300702427724212e-02,6.541300702427721436e-02,5.892724763943357758e-01
1.010000000000000009e+00,-6.695580834817953242e-02,6.695580834817950466e-02,5.888635457775233117e-01
1.020000000000000018e+00,-6.852475033636738766e-02,6.852475033636733215e-02,5.884376041436027993e-01
1.030000000000000027e+00,-7.012014141348729690e-02,7.012014141348722751e-02,5.879940301241949330e-01
1.040000000000000036e+00,-7.174228835039017649e-02,7.174228835039009322e-02,5.875321826343874454e-01
1.050000000000000044e+00,-7.339149581800984146e-02,7.339149581800978595e-02,5.870514004142709519e-01
1.060000000000000053e+00,-7.506806591496865966e-02,7.506806591496859027e-02,5.865510015732530169e-01
1.070000000000000062e+00,-7.677229766751346440e-02,7.677229766751345053e-02,5.860302831386969835e-01
1.080000000000000071e+00,-7.850448650077394841e-02,7.850448650077393453e-02,5.854885206104138984e-01
1.090000000000000080e+00,-8.026492368004023437e-02,8.026492368004020661e-02,5.849249675227798928e-01
1.100000000000000089e+00,-8.205389572093747808e-02,8.205389572093742256e-02,5.843388550163326478e-01
1.110000000000000098e+00,-8.387168376732244413e-02,8.387168376732238861e-02,5.837293914208694368e-01
1.120000000000000107e+00,-8.571856293573620889e-02,8.571856293573613950e-02,5.830957618522210062e-01
1.130000000000000115e+00,-8.759480162525211389e-02,8.759480162525208613e-02,5.824371278250684014e-01
1.140000000000000124e+00,-8.950066079164199773e-02,8.950066079164192834e-02,5.817526268842897474e-01
1.150000000000000133e+00,-9.143639318466413590e-02,9.143639318466410815e-02,5.810413722575938911e-01
1.159999999999999920e+00,-9.340224254747980792e-02,9.340224254747975241e-02,5.803024525323027261e-01
1.169999999999999929e+00,-9.539844277701052533e-02,9.539844277701045594e-02,5.795349313594644336e-01
1.179999999999999938e+00,-9.742521704434460583e-02,9.742521704434455032e-02,5.787378471885635811e-01
1.189999999999999947e+00,-9.948277687408971226e-02,9.948277687408967063e-02,5.779102130364599521e-01
1.199999999999999956e+00,-1.015713211817845796e-01,1.015713211817845657e-01,5.770510162943343069e-01
1.209999999999999964e+00,-1.036910352684996955e-01,1.036910352684996817e-01,5.761592185767033802e-01
1.219999999999999973e+00,-1.058420897717855524e-01,1.058420897717855386e-01,5.752337556168337640e-01
1.229999999999999982e+00,-1.080246395723202940e-01,1.080246395723202663e-01,5.742735372131145821e-01
1.239999999999999991e+00,-1.102388226555734152e-01,1.102388226555734013e-01,5.732774472312763825e-01
1.250000000000000000e+00,-1.124847589280389137e-01,1.124847589280388999e-01,5.722443436675792583e-01
1.260000000000000009e+00,-1.147625489876929750e-01,1.147625489876929472e-01,5.711730587783874213e-01
1.270000000000000018e+00,-1.170722728484057534e-01,1.170722728484057396e-01,5.700623992818872887e-01
1.280000000000000027e+00,-1.194139886183686605e-01,1.194139886183685911e-01,5.689111466379161985e-01
1.290000000000000036e+00,-1.217877311326228951e-01,1.217877311326228812e-01,5.677180574122570045e-01
1.300000000000000044e+00,-1.241935105401299061e-01,1.241935105401297951e-01,5.664818637319770644e-01
1.310000000000000053e+00,-1.266313108459484194e-01,1.266313108459483916e-01,5.652012738387530710e-01
1.320000000000000062e+00,-1.291010884094755951e-01,1.291010884094755673e-01,5.638749727473327811e-01
1.330000000000000071e+00,-1.316027703998408349e-01,1.316027703998407794e-01,5.625016230166798303e-01
1.340000000000000080e+00,-1.341362532100185689e-01,1.341362532100185689e-01,5.610798656415129093e-01
1.350000000000000089e+00,-1.367014008314395845e-01,1.367014008314395290e-01,5.596083210723050705e-01
1.360000000000000098e+00,-1.392980431913515837e-01,1.392980431913514727e-01,5.580855903719961209e-01
1.370000000000000107e+00,-1.419259744555055047e-01,1.419259744555054492e-01,5.565102565179474992e-01
1.380000000000000115e+00,-1.445849512992337105e-01,1.445849512992335717e-01,5.548808858578474501e-01
1.390000000000000124e+00,-1.472746911504314027e-01,1.472746911504312639e-01,5.531960297284579386e-01
1.400000000000000133e+00,-1.499948704084117512e-01,1.499948704084116680e-01,5.514542262462801547e-01
1.409999999999999920e+00,-1.527451226432540998e-01,1.527451226432540166e-01,5.496540022792272273e-01
1.419999999999999929e+00,-1.555250367806280953e-01,1.555250367806279010e-01,5.477938756086149219e-01
1.429999999999999938e+00,-1.583341552779047590e-01,1.583341552779044537e-01,5.458723572906127863e-01
1.439999999999999947e+00,-1.611719722977840996e-01,1.611719722977838498e-01,5.438879542264237754e-01
1.449999999999999956e+00,-1.640379318864606251e-01,1.640379318864604030e-01,5.418391719502464454e-01
1.459999999999999964e+00,-1.669314261639818497e-01,1.669314261639816555e-01,5.397245176439421366e-01
1.469999999999999973e+00,-1.698517935351450403e-01,1.698517935351448460e-01,5.375425033870993019e-01
1.479999999999999982e+00,-1.727983169300727762e-01,1.727983169300726651e-01,5.352916496507963418e-01
1.489999999999999991e+00,-1.757702220843150032e-01,1.757702220843148644e-01,5.329704890429861619e-01
1.500000000000000000e+00,-1.787666758691298374e-01,1.787666758691296987e-01,5.305775703128611243e-01
1.510000000000000009e+00,-1.817867846833589318e-01,1.817867846833588208e-01,5.281114626209346685e-01
1.520000000000000018e+00,-1.848295929191492437e-01,1.848295929191491604e-01,5.255707600807965063e-01
1.530000000000000027e+00,-1.878940815145272170e-01,1.878940815145271059e-01,5.229540865776282077e-01
1.540000000000000036e+00,-1.909791666066495419e-01,1.909791666066493754e-01,5.202601008675475924e-01
1.550000000000000044e+00,-1.940836983003451366e-01,1.940836983003449978e-01,5.174875019606464122e-01
1.560000000000000053e+00,-1.972064595672896603e-01,1.972064595672895493e-01,5.146350347893275945e-01
1.570000000000000062e+00,-2.003461652919053260e-01,2.003461652919051594e-01,5.117014961620400815e-01
1.580000000000000071e+00,-2.035014614807476030e-01,2.035014614807474087e-01,5.086857410008929214e-01
1.590000000000000080e+00,-2.066709246528043997e-01,2.066709246528042332e-01,5.055866888597901898e-01
1.600000000000000089e+00,-2.098530614286060469e-01,2.098530614286058804e-01,5.024033307178619179e-01
1.610000000000000098e+00,-2.130463083366773147e-01,2.130463083366771759e-01,4.991347360406393485e-01
1.620000000000000107e+00,-2.162490318560392755e-01,2.162490318560392200e-01,4.957800600993536588e-01
1.630000000000000115e+00,-2.194595287139713968e-01,2.194595287139712581e-01,4.923385515359654518e-01
1.640000000000000124e+00,-2.226760264581751358e-01,2.226760264581750248e-01,4.888095601591379569e-01
1.650000000000000133e+00,-2.258966843226476173e-01,2.258966843226475063e-01,4.851925449533243118e-01
1.660000000000000142e+00,-2.291195944062735523e-01,2.291195944062733858e-01,4.814870822803455908e-01
1.669999999999999929e+00,-2.323427831829050494e-01,2.323427831829049384e-01,4.776928742495663016e-01
1.679999999999999938e+00,-2.355642133610662547e-01,2.355642133610661160e-01,4.738097572296410265e-01
1.689999999999999947e+00,-2.387817861107284778e-01,2.387817861107282835e-01,4.698377104713525876e-01
1.699999999999999956e+00,-2.419933436735126897e-01,2.419933436735126064e-01,4.657768648077340035e-01
1.709999999999999964e+00,-2.451966723715440777e-01,2.451966723715440777e-01,4.616275113939831143e-01
1.719999999999999973e+00,-2.483895060285233880e-01,2.483895060285232770e-01,4.573901104463319878e-01
1.729999999999999982e+00,-2.515695298148851178e-01,2.515695298148850623e-01,4.530652999353365629e-01
1.739999999999999991e+00,-2.547343845267739937e-01,2.547343845267739937e-01,4.486539041855716059e-01
1.750000000000000000e+00,-2.578816713061051757e-01,2.578816713061052313e-01,4.441569423304020381e-01
1.760000000000000009e+00,-2.610089568063799770e-01,2.610089568063799770e-01,4.395756365669600263e-01
1.770000000000000018e+00,-2.641137788057749125e-01,2.641137788057749680e-01,4.349114201534992619e-01
1.780000000000000027e+00,-2.671936522656914170e-01,2.671936522656914170e-01,4.301659450883405511e-01
1.790000000000000036e+00,-2.702460758293322440e-01,2.702460758293322440e-01,4.253410894068491155e-01
1.800000000000000044e+00,-2.732685387507715058e-01,2.732685387507715058e-01,4.204389640308118237e-01
1.810000000000000053e+00,-2.762585282408899223e-01,2.762585282408899223e-01,4.154619191022542180e-01
1.820000000000000062e+00,-2.792135372117761083e-01,2.792135372117763303e-01,4.104125497327350547e-01
1.830000000000000071e+00,-2.821310723965744227e-01,2.821310723965746448e-01,4.052937010977768484e-01
1.840000000000000080e+00,-2.850086628166505487e-01,2.850086628166509928e-01,4.001084728058842410e-01
1.850000000000000089e+00,-2.878438685627817128e-01,2.878438685627820459e-01,3.948602224717297493e-01
1.860000000000000098e+00,-2.906342898517331186e-01,2.906342898517336182e-01,3.895525684239988240e-01
1.870000000000000107e+00,-2.933775763141440174e-01,2.933775763141445725e-01,3.841893914800930676e-01
1.880000000000000115e+00,-2.960714364643563523e-01,2.960714364643567964e-01,3.787748357218112538e-01
1.890000000000000124e+00,-2.987136472971602674e-01,2.987136472971608225e-01,3.733133082101309230e-01
1.900000000000000133e+00,-3.013020639515173738e-01,3.013020639515179289e-01,3.678094775801028504e-01
1.910000000000000142e+00,-3.038346293758478756e-01,3.038346293758486527e-01,3.622682714630426903e-01
1.919999999999999929e+00,-3.063093839251280759e-01,3.063093839251286865e-01,3.566948726872977149e-01
1.929999999999999938e+00,-3.087244748153674667e-01,3.087244748153680773e-01,3.510947142162857415e-01
1.939999999999999947e+00,-3.110781570294385845e-01,3.110781570294392506e-01,3.454735067577582863e-01
1.949999999999999956e+00,-3.133688116589893324e-01,3.133688116589900541e-01,3.398372052707340218e-01
1.959999999999999964e+00,-3.155949829024173314e-01,3.155949829024182751e-01,3.341918522930139024e-01
1.969999999999999973e+00,-3.177553293182669991e-01,3.177553293182679983e-01,3.285438133967389929e-01
1.979999999999999982e+00,-3.198486623522169281e-01,3.198486623522178718e-01,3.228996526183294802e-01
1.989999999999999991e+00,-3.218739504018853226e-01,3.218739504018866548e-01,3.172661247897065606e-01
2.000000000000000000e+00,-3.238303242282281613e-01,3.238303242282293826e-01,3.116501623105077390e-01
2.010000000000000231e+00,-3.257170820951764134e-01,3.257170820951776347e-01,3.060588597047006476e-01
2.020000000000000018e+00,-3.275336941331783991e-01,3.275336941331796203e-01,3.004994567265312222e-01
2.030000000000000249e+00,-3.292798057443577786e-01,3.292798057443593329e-01,2.949793202606719178e-01
2.040000000000000036e+00,-3.309552399531929257e-01,3.309552399531943689e-01,2.895059251339253681e-01
2.049999999999999822e+00,-3.325599986331733149e-01,3.325599986331745916e-01,2.840868339294933542e-01
2.060000000000000053e+00,-3.340942625522004827e-01,3.340942625522019260e-01,2.787296758952906295e-01
2.069999999999999840e+00,-3.355583901893616217e-01,3.355583901893632315e-01,2.734421250435988271e-01
2.080000000000000071e+00,-3.369529152855873511e-01,3.369529152855889054e-01,2.682318775481256079e-01
2.089999999999999858e+00,-3.382785431018004441e-01,3.382785431018021649e-01,2.631066285510268443e-01
2.100000000000000089e+00,-3.395361453700970200e-01,3.395361453700988519e-01,2.580740484998088613e-01
2.109999999999999876e+00,-3.407267539365861353e-01,3.407267539365879117e-01,2.531417591385120014e-01
2.120000000000000107e+00,-3.418515531083042291e-01,3.418515531083059500e-01,2.483173092825957939e-01
2.129999999999999893e+00,-3.429118707312115433e-01,3.429118707312135417e-01,2.436081505091418076e-01
2.140000000000000124e+00,-3.439091680413439711e-01,3.439091680413462471e-01,2.390216128955150732e-01
2.149999999999999911e+00,-3.448450283465659405e-01,3.448450283465683830e-01,2.345648809396002621e-01
2.160000000000000142e+00,-3.457211446118551024e-01,3.457211446118577114e-01,2.302449697932049122e-01
2.169999999999999929e+00,-3.465393060363987088e-01,3.465393060364015954e-01,2.260687019369729545e-01
2.180000000000000160e+00,-3.473013837257327707e-01,3.473013837257358238e-01,2.220426844210751649e-01
2.189999999999999947e+00,-3.480093155764726331e-01,3.480093155764758528e-01,2.181732867901197137e-01
2.200000000000000178e+00,-3.486650905046109195e-01,3.486650905046140281e-01,2.144666198039941740e-01
2.209999999999999964e+00,-3.492707321606211002e-01,3.492707321606243198e-01,2.109285150588118551e-01
2.220000000000000195e+00,-3.498282822854759111e-01,3.498282822854790752e-01,2.075645056032151270e-01
2.229999999999999982e+00,-3.503397838709033651e-01,3.503397838709066958e-01,2.043798076366110661e-01
2.240000000000000213e+00,-3.508072642945668229e-01,3.508072642945703756e-01,2.013793033663530130e-01
2.250000000000000000e+00,-3.512327186061204309e-01,3.512327186061240392e-01,1.985675250911561052e-01
2.260000000000000231e+00,-3.516180931431514556e-01,3.516180931431551748e-01,1.959486405689254140e-01
2.270000000000000018e+00,-3.519652696566283878e-01,3.519652696566319960e-01,1.935264397175398277e-01
2.280000000000000249e+00,-3.522760501236375519e-01,3.522760501236413266e-01,1.913043226889176440e-01
2.290000000000000036e+00,-3.525521424207127552e-01,3.525521424207165300e-01,1.892852893481988819e-01
2.300000000000000266e+00,-3.527951470240173193e-01,3.527951470240208720e-01,1.874719301827812989e-01
2.310000000000000053e+00,-3.530065448929726735e-01,3.530065448929760596e-01,1.858664186594150280e-01
2.319999999999999840e+00,-3.531876866817272864e-01,3.531876866817310057e-01,1.844705050418497805e-01
2.330000000000000071e+00,-3.533397834082464550e-01,3.533397834082500633e-01,1.832855116767122261e-01
2.339999999999999858e+00,-3.534638986939208083e-01,3.534638986939244720e-01,1.823123297515051866e-01
2.350000000000000089e+00,-3.535609426676634137e-01,3.535609426676672440e-01,1.815514175248519602e-01
2.359999999999999876e+00,-3.536316676077531085e-01,3.536316676077571608e-01,1.810028000268370518e-01
2.370000000000000107e+00,-3.536766653725014198e-01,3.536766653725053056e-01,1.806660702245436179e-01
2.379999999999999893e+00,-3.536963666474892132e-01,3.536963666474932100e-01,1.805403916457767877e-01
2.390000000000000124e+00,-3.536910420130878197e-01,3.536910420130919275e-01,1.806245024517477427e-01
2.399999999999999911e+00,-3.536608048115859604e-01,3.536608048115902347e-01,1.809167209469389193e-01
2.410000000000000142e+00,-3.536056157690007362e-01,3.536056157690048996e-01,1.814149525114527595e-01
2.419999999999999929e+00,-3.535252893029626198e-01,3.535252893029670607e-01,1.821166979377022987e-01
2.430000000000000160e+00,-3.534195014253899148e-01,3.534195014253941891e-01,1.830190631487861042e-01
2.439999999999999947e+00,-3.532877991274661067e-01,3.532877991274705476e-01,1.841187702709012053e-01
2.450000000000000178e+00,-3.531296111151157602e-01,3.531296111151202566e-01,1.854121700259871997e-01
2.459999999999999964e+00,-3.529442597460926145e-01,3.529442597460971109e-01,1.868952554037479619e-01
2.470000000000000195e+00,-3.527309740053480858e-01,3.527309740053527487e-01,1.885636765643166346e-01
2.479999999999999982e+00,-3.524889033437677011e-01,3.524889033437721975e-01,1.904127569145006305e-01
2.490000000000000213e+00,-3.522171321968466384e-01,3.522171321968512459e-01,1.924375102908487400e-01
2.500000000000000000e+00,-3.519146949946676539e-01,3.519146949946722058e-01,1.946326591740437928e-01
2.510000000000000231e+00,-3.515805914725219083e-01,3.515805914725266268e-01,1.969926538488304679e-01
2.520000000000000018e+00,-3.512138020928623483e-01,3.512138020928671223e-01,1.995116924149901438e-01
2.530000000000000249e+00,-3.508133033937090861e-01,3.508133033937137490e-01,2.021837415456098908e-01
2.540000000000000036e+00,-3.503780830860842577e-01,3.503780830860890871e-01,2.050025578810676652e-01
2.550000000000000266e+00,-3.499071547332215371e-01,3.499071547332262000e-01,2.079617099403314739e-01
2.560000000000000053e+00,-3.493995718568589925e-01,3.493995718568636000e-01,2.110546004252328856e-01
2.569999999999999840e+00,-3.488544413305489367e-01,3.488544413305537106e-01,2.142744887896189387e-01
2.580000000000000071e+00,-3.482709359361539914e-01,3.482709359361588763e-01,2.176145139427901054e-01
2.589999999999999858e+00,-3.476483059771536266e-01,3.476483059771584561e-01,2.210677169557698774e-01
2.600000000000000089e+00,-3.469858898605857611e-01,3.469858898605905906e-01,2.246270636406035304e-01
2.609999999999999876e+00,-3.462831235780051697e-01,3.462831235780100547e-01,2.282854668752411775e-01
2.620000000000000107e+00,-3.455395490342837994e-01,3.455395490342887399e-01,2.320358085516927571e-01
2.629999999999999893e+00,-3.447548211910974048e-01,3.447548211911024563e-01,2.358709610307893612e-01
2.640000000000000124e+00,-3.439287140091338291e-01,3.439287140091386585e-01,2.397838079948504952e-01
2.649999999999999911e+00,-3.430611251891876323e-01,3.430611251891927393e-01,2.437672645977415065e-01
2.660000000000000142e+00,-3.421520797270987124e-01,3.421520797271036529e-01,2.478142968216577313e-01
2.669999999999999929e+00,-3.412017323108356703e-01,3.412017323108408329e-01,2.519179399596561120e-01
2.680000000000000160e+00,-3.402103685997087124e-01,3.402103685997137084e-01,2.560713161540287830e-01
2.689999999999999947e+00,-3.391784054357699363e-01,3.391784054357749323e-01,2.602676509308649577e-01
2.700000000000000178e+00,-3.381063900458394222e-01,3.381063900458442517e-01,2.645002886818665910e-01
2.709999999999999964e+00,-3.369949982993292736e-01,3.369949982993342696e-01,2.687627070550155373e-01
2.720000000000000195e+00,-3.358450320922217736e-01,3.358450320922265475e-01,2.730485302255227786e-01
2.729999999999999982e+00,-3.346574159312944996e-01,3.346574159312993846e-01,2.773515410278486470e-01
2.740000000000000213e+00,-3.334331927950167085e-01,3.334331927950217600e-01,2.816656919388760838e-01
2.750000000000000000e+00,-3.321735193487510007e-01,3.321735193487561077e-01,2.859851149101280687e-01
2.760000000000000231e+00,-3.308796605919978595e-01,3.308796605920028555e-01,2.903041300544718650e-01
2.770000000000000018e+00,-3.295529840145791090e-01,3.295529840145838274e-01,2.946172531999937672e-01
2.780000000000000249e+00,-3.281949533370866479e-01,3.281949533370915328e-01,2.989192023295154654e-01
2.790000000000000036e+00,-3.268071219086356449e-01,3.268071219086404744e-01,3.032049029301868148e-01
2.800000000000000266e+00,-3.253911258322441102e-01,3.253911258322490507e-01,3.074694922819555254e-01
2.810000000000000053e+00,-3.239486768848096054e-01,3.239486768848144349e-01,3.117083227191813632e-01
2.819999999999999840e+00,-3.224815552952337017e-01,3.224815552952383646e-01,3.159169639024539400e-01
2.830000000000000071e+00,-3.209916024403164925e-01,3.209916024403209889e-01,3.200912041420252985e-01
2.839999999999999858e+00,-3.194807135141221055e-01,3.194807135141263243e-01,3.242270508166462673e-01
2.850000000000000089e+00,-3.179508302222440186e-01,3.179508302222483485e-01,3.283207299349630848e-01
2.859999999999999876e+00,-3.164039335482911608e-01,3.164039335482954352e-01,3.323686848881847733e-01
2.870000000000000107e+00,-3.148420366357393974e-01,3.148420366357436162e-01,3.363675744441473325e-01
2.879999999999999893e+00,-3.132671778235727733e-01,3.132671778235769366e-01,3.403142700366975082e-01
2.890000000000000124e+00,-3.116814138706516246e-01,3.116814138706560655e-01,3.442058524015023657e-01
2.899999999999999911e+00,-3.100868133987180753e-01,3.100868133987223496e-01,3.480396076144608442e-01
2.910000000000000142e+00,-3.084854505807969605e-01,3.084854505808013458e-01,3.518130225847122539e-01
2.919999999999999929e+00,-3.068793990965848484e-01,3.068793990965891783e-01,3.555237800595776321e-01
2.930000000000000160e+00,-3.052707271582276172e-01,3.052707271582321136e-01,3.591697502530417085e-01
2.939999999999999947e+00,-3.036614907708850564e-01,3.036614907708894417e-01,3.627489901310099185e-01
2.950000000000000178e+00,-3.020537271786163380e-01,3.020537271786205569e-01,3.662597415851883698e-01
2.959999999999999964e+00,-3.004494540818740123e-01,3.004494540818781756e-01,3.697004115723607209e-01
2.970000000000000195e+00,-2.988506625868181943e-01,2.988506625868224131e-01,3.730695734506514483e-01
2.979999999999999982e+00,-2.972593133396094212e-01,2.972593133396136400e-01,3.763659592283892241e-01
2.990000000000000213e+00,-2.956773327686724739e-01,2.956773327686769148e-01,3.795884524443680630e-01
3.000000000000000000e+00,-2.941066095841601280e-01,2.941066095841645134e-01,3.827360810611648012e-01
