Marker,Tau Condition,Error
M1,$\tau_{ext} = 0$,0.010547592457023157
M1,$\tau_{ext} = 0$,0.010481720734659623
M1,$\tau_{ext} = 0$,0.011114837388080986
M1,$\tau_{ext} = 0$,0.012223644484781427
M1,$\tau_{ext} = 0$,0.010280613797140025
M1,$\tau_{ext} = 0$,0.010816237714104006
M1,$\tau_{ext} = 0$,0.01184580288985208
M1,$\tau_{ext} = 0$,0.01313795925639338
M1,$\tau_{ext} = 0$,0.011313774746616422
M1,$\tau_{ext} = 0$,0.010943532467742616
M1,$\tau_{ext} = 0$,0.011513215364058475
M1,$\tau_{ext} = 0$,0.011005744590869938
M1,$\tau_{ext} = 0$,0.011265144509611245
M1,$\tau_{ext} = 0$,0.012343295892807016
M1,$\tau_{ext} = 0$,0.011717781118750202
M1,$\tau_{ext} = 0$,0.014711625277772622
M1,$\tau_{ext} = 0$,0.01329830733050621
M1,$\tau_{ext} = 0$,0.013973177552803888
M1,$\tau_{ext} = 0$,0.012865921855548837
M1,$\tau_{ext} = 0$,0.013708661647605133
M1,$\tau_{ext} = 0$,0.011387320428253881
M1,$\tau_{ext} = 0$,0.011430457981403273
M1,$\tau_{ext} = \tau_{ext}^*$,0.005666255570084696
M1,$\tau_{ext} = \tau_{ext}^*$,0.00621616859745457
M1,$\tau_{ext} = \tau_{ext}^*$,0.005683265834549413
M1,$\tau_{ext} = \tau_{ext}^*$,0.008333510416741043
M1,$\tau_{ext} = \tau_{ext}^*$,0.006238107424010983
M1,$\tau_{ext} = \tau_{ext}^*$,0.007007432643489375
M1,$\tau_{ext} = \tau_{ext}^*$,0.007133574798852588
M1,$\tau_{ext} = \tau_{ext}^*$,0.008498222257698087
M1,$\tau_{ext} = \tau_{ext}^*$,0.007157566741204519
M1,$\tau_{ext} = \tau_{ext}^*$,0.00925823366131272
M1,$\tau_{ext} = \tau_{ext}^*$,0.00972971684442196
M1,$\tau_{ext} = \tau_{ext}^*$,0.006804779746064529
M1,$\tau_{ext} = \tau_{ext}^*$,0.008567348237001803
M1,$\tau_{ext} = \tau_{ext}^*$,0.008433171765626392
M1,$\tau_{ext} = \tau_{ext}^*$,0.009128888083849034
M1,$\tau_{ext} = \tau_{ext}^*$,0.009061664669164509
M1,$\tau_{ext} = \tau_{ext}^*$,0.00915767595846403
M1,$\tau_{ext} = \tau_{ext}^*$,0.00918211574201123
M1,$\tau_{ext} = \tau_{ext}^*$,0.009177454945759975
M1,$\tau_{ext} = \tau_{ext}^*$,0.009503867680809307
M1,$\tau_{ext} = \tau_{ext}^*$,0.00906042888581536
M1,$\tau_{ext} = \tau_{ext}^*$,0.008457796721005778
M1,"$\tau_{ext} = \tau_{ext,NN}$",0.005728945634865968
M1,"$\tau_{ext} = \tau_{ext,NN}$",0.007665780615945696
M1,"$\tau_{ext} = \tau_{ext,NN}$",0.005901645045644873
M1,"$\tau_{ext} = \tau_{ext,NN}$",0.008280206458828028
M1,"$\tau_{ext} = \tau_{ext,NN}$",0.006207476943834972
M1,"$\tau_{ext} = \tau_{ext,NN}$",0.006940102176458419
M1,"$\tau_{ext} = \tau_{ext,NN}$",0.007259711564919815
M1,"$\tau_{ext} = \tau_{ext,NN}$",0.008227816960787915
M1,"$\tau_{ext} = \tau_{ext,NN}$",0.007122330396979246
M1,"$\tau_{ext} = \tau_{ext,NN}$",0.009249613870435684
M1,"$\tau_{ext} = \tau_{ext,NN}$",0.009513811903677024
M1,"$\tau_{ext} = \tau_{ext,NN}$",0.0067743253186661155
M1,"$\tau_{ext} = \tau_{ext,NN}$",0.008501757842680119
M1,"$\tau_{ext} = \tau_{ext,NN}$",0.008189778698688777
M1,"$\tau_{ext} = \tau_{ext,NN}$",0.0091783601133149
M1,"$\tau_{ext} = \tau_{ext,NN}$",0.009144792154473627
M1,"$\tau_{ext} = \tau_{ext,NN}$",0.008870035723077598
M1,"$\tau_{ext} = \tau_{ext,NN}$",0.009137094555701563
M1,"$\tau_{ext} = \tau_{ext,NN}$",0.009232627762283958
M1,"$\tau_{ext} = \tau_{ext,NN}$",0.009606672333986687
M1,"$\tau_{ext} = \tau_{ext,NN}$",0.009052231595901055
M1,"$\tau_{ext} = \tau_{ext,NN}$",0.008445708588344257
M2,$\tau_{ext} = 0$,0.009255038407962102
M2,$\tau_{ext} = 0$,0.0114334934930103
M2,$\tau_{ext} = 0$,0.018124487689383184
M2,$\tau_{ext} = 0$,0.030779466998817746
M2,$\tau_{ext} = 0$,0.006516186917551519
M2,$\tau_{ext} = 0$,0.009691848547686614
M2,$\tau_{ext} = 0$,0.01434821107040289
M2,$\tau_{ext} = 0$,0.029086639459228722
M2,$\tau_{ext} = 0$,0.012593519383164302
M2,$\tau_{ext} = 0$,0.014837100617499717
M2,$\tau_{ext} = 0$,0.017986396610599784
M2,$\tau_{ext} = 0$,0.0028485784904816866
M2,$\tau_{ext} = 0$,0.0031743790818801357
M2,$\tau_{ext} = 0$,0.0060266386633926645
M2,$\tau_{ext} = 0$,0.006555251604712321
M2,$\tau_{ext} = 0$,0.004226944685902897
M2,$\tau_{ext} = 0$,0.003155072898214741
M2,$\tau_{ext} = 0$,0.00474670996972814
M2,$\tau_{ext} = 0$,0.01085964655335242
M2,$\tau_{ext} = 0$,0.006239702579757428
M2,$\tau_{ext} = 0$,0.01014916366564845
M2,$\tau_{ext} = 0$,0.003921954884334895
M2,$\tau_{ext} = \tau_{ext}^*$,0.00180093616077236
M2,$\tau_{ext} = \tau_{ext}^*$,0.004104204352057575
M2,$\tau_{ext} = \tau_{ext}^*$,0.006190491248642987
M2,$\tau_{ext} = \tau_{ext}^*$,0.011676123494767116
M2,$\tau_{ext} = \tau_{ext}^*$,0.0019084460673941769
M2,$\tau_{ext} = \tau_{ext}^*$,0.0037214672595015197
M2,$\tau_{ext} = \tau_{ext}^*$,0.006492559978676292
M2,$\tau_{ext} = \tau_{ext}^*$,0.01132838305066533
M2,$\tau_{ext} = \tau_{ext}^*$,0.007012787927455099
M2,$\tau_{ext} = \tau_{ext}^*$,0.006424697511704201
M2,$\tau_{ext} = \tau_{ext}^*$,0.007909122343709737
M2,$\tau_{ext} = \tau_{ext}^*$,0.006879158876845562
M2,$\tau_{ext} = \tau_{ext}^*$,0.005566296558200186
M2,$\tau_{ext} = \tau_{ext}^*$,0.00616968714313478
M2,$\tau_{ext} = \tau_{ext}^*$,0.006044534080966445
M2,$\tau_{ext} = \tau_{ext}^*$,0.007873429440019902
M2,$\tau_{ext} = \tau_{ext}^*$,0.006366539740813799
M2,$\tau_{ext} = \tau_{ext}^*$,0.007287370270874191
M2,$\tau_{ext} = \tau_{ext}^*$,0.007835338619881688
M2,$\tau_{ext} = \tau_{ext}^*$,0.007343274829582192
M2,$\tau_{ext} = \tau_{ext}^*$,0.006215194646948958
M2,$\tau_{ext} = \tau_{ext}^*$,0.006180332232614917
M2,"$\tau_{ext} = \tau_{ext,NN}$",0.001192135694594885
M2,"$\tau_{ext} = \tau_{ext,NN}$",0.005374495171712381
M2,"$\tau_{ext} = \tau_{ext,NN}$",0.006248046047512663
M2,"$\tau_{ext} = \tau_{ext,NN}$",0.011835769476677421
M2,"$\tau_{ext} = \tau_{ext,NN}$",0.0018353659371989968
M2,"$\tau_{ext} = \tau_{ext,NN}$",0.003733841716735644
M2,"$\tau_{ext} = \tau_{ext,NN}$",0.0061750307310888914
M2,"$\tau_{ext} = \tau_{ext,NN}$",0.011269175372236725
M2,"$\tau_{ext} = \tau_{ext,NN}$",0.007181126370705578
M2,"$\tau_{ext} = \tau_{ext,NN}$",0.006548960578891726
M2,"$\tau_{ext} = \tau_{ext,NN}$",0.00815479291336804
M2,"$\tau_{ext} = \tau_{ext,NN}$",0.007037662072102092
M2,"$\tau_{ext} = \tau_{ext,NN}$",0.005718485294115214
M2,"$\tau_{ext} = \tau_{ext,NN}$",0.006401113456929341
M2,"$\tau_{ext} = \tau_{ext,NN}$",0.006272336252325786
M2,"$\tau_{ext} = \tau_{ext,NN}$",0.008008587597870497
M2,"$\tau_{ext} = \tau_{ext,NN}$",0.006871370615932986
M2,"$\tau_{ext} = \tau_{ext,NN}$",0.007231932143754675
M2,"$\tau_{ext} = \tau_{ext,NN}$",0.007267483752949423
M2,"$\tau_{ext} = \tau_{ext,NN}$",0.0071916881030413835
M2,"$\tau_{ext} = \tau_{ext,NN}$",0.006056949051307066
M2,"$\tau_{ext} = \tau_{ext,NN}$",0.006072119337940142
M3,$\tau_{ext} = 0$,0.013698950746848355
M3,$\tau_{ext} = 0$,0.014143898214063996
M3,$\tau_{ext} = 0$,0.02327840359695843
M3,$\tau_{ext} = 0$,0.036470873108698065
M3,$\tau_{ext} = 0$,0.004663971474966404
M3,$\tau_{ext} = 0$,0.005683537792248896
M3,$\tau_{ext} = 0$,0.004309253449375767
M3,$\tau_{ext} = 0$,0.023916964854308997
M3,$\tau_{ext} = 0$,0.015046301102581988
M3,$\tau_{ext} = 0$,0.010523872530812512
M3,$\tau_{ext} = 0$,0.01125060006707613
M3,$\tau_{ext} = 0$,0.011628276015950303
M3,$\tau_{ext} = 0$,0.00934263990285099
M3,$\tau_{ext} = 0$,0.008856021828756899
M3,$\tau_{ext} = 0$,0.007727259962115374
M3,$\tau_{ext} = 0$,0.012800283304030506
M3,$\tau_{ext} = 0$,0.009410820298850198
M3,$\tau_{ext} = 0$,0.009337867050705015
M3,$\tau_{ext} = 0$,0.006749728195962686
M3,$\tau_{ext} = 0$,0.009147147669348881
M3,$\tau_{ext} = 0$,0.008842057121597021
M3,$\tau_{ext} = 0$,0.007094036293150768
M3,$\tau_{ext} = \tau_{ext}^*$,0.0019110393154247295
M3,$\tau_{ext} = \tau_{ext}^*$,0.004210590587586411
M3,$\tau_{ext} = \tau_{ext}^*$,0.00807178496056616
M3,$\tau_{ext} = \tau_{ext}^*$,0.009868710367220876
M3,$\tau_{ext} = \tau_{ext}^*$,0.002793699263622645
M3,$\tau_{ext} = \tau_{ext}^*$,0.00465490304877748
M3,$\tau_{ext} = \tau_{ext}^*$,0.006966300407886629
M3,$\tau_{ext} = \tau_{ext}^*$,0.008404792313704815
M3,$\tau_{ext} = \tau_{ext}^*$,0.0010315030707980473
M3,$\tau_{ext} = \tau_{ext}^*$,0.003818811407759498
M3,$\tau_{ext} = \tau_{ext}^*$,0.007456735461980246
M3,$\tau_{ext} = \tau_{ext}^*$,0.0011271794153033376
M3,$\tau_{ext} = \tau_{ext}^*$,0.002413086721294465
M3,$\tau_{ext} = \tau_{ext}^*$,0.004485541858554694
M3,$\tau_{ext} = \tau_{ext}^*$,0.0015176981131892787
M3,$\tau_{ext} = \tau_{ext}^*$,0.007414970378427021
M3,$\tau_{ext} = \tau_{ext}^*$,0.004491626239642284
M3,$\tau_{ext} = \tau_{ext}^*$,0.005411720208563114
M3,$\tau_{ext} = \tau_{ext}^*$,0.006205839790806294
M3,$\tau_{ext} = \tau_{ext}^*$,0.006794643751273224
M3,$\tau_{ext} = \tau_{ext}^*$,0.0015986236933945373
M3,$\tau_{ext} = \tau_{ext}^*$,0.0011460643579405093
M3,"$\tau_{ext} = \tau_{ext,NN}$",0.0013892119864551225
M3,"$\tau_{ext} = \tau_{ext,NN}$",0.009240297507612917
M3,"$\tau_{ext} = \tau_{ext,NN}$",0.008710418230752456
M3,"$\tau_{ext} = \tau_{ext,NN}$",0.010156014230057775
M3,"$\tau_{ext} = \tau_{ext,NN}$",0.0018332737826884289
M3,"$\tau_{ext} = \tau_{ext,NN}$",0.004630255008695073
M3,"$\tau_{ext} = \tau_{ext,NN}$",0.00570422396260123
M3,"$\tau_{ext} = \tau_{ext,NN}$",0.008292995252158422
M3,"$\tau_{ext} = \tau_{ext,NN}$",0.0024098354942357777
M3,"$\tau_{ext} = \tau_{ext,NN}$",0.004264390881733241
M3,"$\tau_{ext} = \tau_{ext,NN}$",0.007501624859299842
M3,"$\tau_{ext} = \tau_{ext,NN}$",0.001967551616086668
M3,"$\tau_{ext} = \tau_{ext,NN}$",0.002563011719835612
M3,"$\tau_{ext} = \tau_{ext,NN}$",0.004794685697262482
M3,"$\tau_{ext} = \tau_{ext,NN}$",0.0023803113988825767
M3,"$\tau_{ext} = \tau_{ext,NN}$",0.008017457057015443
M3,"$\tau_{ext} = \tau_{ext,NN}$",0.0054148201664789885
M3,"$\tau_{ext} = \tau_{ext,NN}$",0.005020409985952897
M3,"$\tau_{ext} = \tau_{ext,NN}$",0.005402233950144585
M3,"$\tau_{ext} = \tau_{ext,NN}$",0.007026047247504333
M3,"$\tau_{ext} = \tau_{ext,NN}$",0.0011085123957631495
M3,"$\tau_{ext} = \tau_{ext,NN}$",0.0006449818386730124
M4,$\tau_{ext} = 0$,0.01317155042692574
M4,$\tau_{ext} = 0$,0.024375506552960845
M4,$\tau_{ext} = 0$,0.027549619352834485
M4,$\tau_{ext} = 0$,0.04572427710784607
M4,$\tau_{ext} = 0$,0.0229972261344509
M4,$\tau_{ext} = 0$,0.03148109440714445
M4,$\tau_{ext} = 0$,0.052336980515586023
M4,$\tau_{ext} = 0$,0.04827157723313876
M4,$\tau_{ext} = 0$,0.012399126976794475
M4,$\tau_{ext} = 0$,0.022465490805886067
M4,$\tau_{ext} = 0$,0.04705839241549843
M4,$\tau_{ext} = 0$,0.014750284039598657
M4,$\tau_{ext} = 0$,0.015309574637542593
M4,$\tau_{ext} = 0$,0.04029714990063296
M4,$\tau_{ext} = 0$,0.015997311676911603
M4,$\tau_{ext} = 0$,0.023977469278099836
M4,$\tau_{ext} = 0$,0.03218988733631993
M4,$\tau_{ext} = 0$,0.02885712747299058
M4,$\tau_{ext} = 0$,0.04194907092520196
M4,$\tau_{ext} = 0$,0.037539056404405496
M4,$\tau_{ext} = 0$,0.011567461222302918
M4,$\tau_{ext} = 0$,0.014342135955801071
M4,$\tau_{ext} = \tau_{ext}^*$,0.0033584164432357544
M4,$\tau_{ext} = \tau_{ext}^*$,0.004774997741128362
M4,$\tau_{ext} = \tau_{ext}^*$,0.007288144173169886
M4,$\tau_{ext} = \tau_{ext}^*$,0.005023142519477376
M4,$\tau_{ext} = \tau_{ext}^*$,0.0037137388659246816
M4,$\tau_{ext} = \tau_{ext}^*$,0.004969892189577644
M4,$\tau_{ext} = \tau_{ext}^*$,0.007066663146433736
M4,$\tau_{ext} = \tau_{ext}^*$,0.006636980577126083
M4,$\tau_{ext} = \tau_{ext}^*$,0.002858629865639369
M4,$\tau_{ext} = \tau_{ext}^*$,0.0049601937871572065
M4,$\tau_{ext} = \tau_{ext}^*$,0.007778473871512283
M4,$\tau_{ext} = \tau_{ext}^*$,0.002596038391317506
M4,$\tau_{ext} = \tau_{ext}^*$,0.003511634894320369
M4,$\tau_{ext} = \tau_{ext}^*$,0.004629740345877182
M4,$\tau_{ext} = \tau_{ext}^*$,0.004140174703284526
M4,$\tau_{ext} = \tau_{ext}^*$,0.007162531708054916
M4,$\tau_{ext} = \tau_{ext}^*$,0.005353360525713315
M4,$\tau_{ext} = \tau_{ext}^*$,0.006565518275580463
M4,$\tau_{ext} = \tau_{ext}^*$,0.007536252730579064
M4,$\tau_{ext} = \tau_{ext}^*$,0.006583428652285273
M4,$\tau_{ext} = \tau_{ext}^*$,0.004077205626321832
M4,$\tau_{ext} = \tau_{ext}^*$,0.0035380576971134254
M4,"$\tau_{ext} = \tau_{ext,NN}$",0.004207137843298048
M4,"$\tau_{ext} = \tau_{ext,NN}$",0.012675218115423673
M4,"$\tau_{ext} = \tau_{ext,NN}$",0.008370084939469072
M4,"$\tau_{ext} = \tau_{ext,NN}$",0.004676805252678474
M4,"$\tau_{ext} = \tau_{ext,NN}$",0.005221837877704993
M4,"$\tau_{ext} = \tau_{ext,NN}$",0.005067692297311238
M4,"$\tau_{ext} = \tau_{ext,NN}$",0.0088272950720962
M4,"$\tau_{ext} = \tau_{ext,NN}$",0.006904491406070802
M4,"$\tau_{ext} = \tau_{ext,NN}$",0.003921156446887037
M4,"$\tau_{ext} = \tau_{ext,NN}$",0.004630751802920857
M4,"$\tau_{ext} = \tau_{ext,NN}$",0.007927704390037751
M4,"$\tau_{ext} = \tau_{ext,NN}$",0.0026354752656689334
M4,"$\tau_{ext} = \tau_{ext,NN}$",0.003380384742534725
M4,"$\tau_{ext} = \tau_{ext,NN}$",0.004715631719605951
M4,"$\tau_{ext} = \tau_{ext,NN}$",0.003765357797342962
M4,"$\tau_{ext} = \tau_{ext,NN}$",0.007382339861056622
M4,"$\tau_{ext} = \tau_{ext,NN}$",0.0074186834664528275
M4,"$\tau_{ext} = \tau_{ext,NN}$",0.007305864516485319
M4,"$\tau_{ext} = \tau_{ext,NN}$",0.009003067705046513
M4,"$\tau_{ext} = \tau_{ext,NN}$",0.006578554656335993
M4,"$\tau_{ext} = \tau_{ext,NN}$",0.004676768622997598
M4,"$\tau_{ext} = \tau_{ext,NN}$",0.004075319749783714
